{
    "accuracy":[
        0.25161102414131165
    ],
    "cosine_similarity":[
        0.9952767491340637
    ],
    "loss":[
        0.0037829948123544455
    ],
    "mean_absolute_error":[
        0.03760647028684616
    ],
    "mean_squared_error":[
        0.0037829948123544455
    ],
    "val_accuracy":[
        0.2271662801504135
    ],
    "val_cosine_similarity":[
        0.9979844093322754
    ],
    "val_loss":[
        0.0013785872142761946
    ],
    "val_mean_absolute_error":[
        0.025115689262747765
    ],
    "val_mean_squared_error":[
        0.0013785872142761946
    ]
}