{
    "Model Metrics":{
        "loss":0.0008581973379477859,
        "mean_squared_error":0.0008581973379477859,
        "mean_absolute_error":0.021223872900009155,
        "accuracy":0.21636876463890076,
        "cosine_similarity":0.9996983408927917
    },
    "Strategy Metrics":[
        {
            "Daily Swing Trade Return":119.59999900000015,
            "Buy & Hold Return":5.200000000000001,
            "Auto13($22000) Return":24969.35818400004
        },
        {
            "Daily Swing Trade Return":39.090002000000034,
            "Buy & Hold Return":16.36,
            "Auto13($22000) Return":3952.5105870000043
        }
    ],
    "Class Metrics":[
        {
            "f1_monark":0.48135767549498587,
            "accuracy":0.527191748710736,
            "precision":0.4394366197183099,
            "recall":0.5321205230244457,
            "roc auc":0.5279270345477234
        },
        {
            "f1_monark":0.5566458519179304,
            "accuracy":0.5333333333333333,
            "precision":0.5165562913907285,
            "recall":0.6034816247582205,
            "roc auc":0.5353174547148767
        }
    ]
}